Word,Width
active,28.63800049
in,9.550796509
church,34.42198181
affairs.,33.1955719
Both,24.22438049
father,29.53805542
and,18.21360779
mother,36.21002197
were,24.20046997
considerably,62.17077637
above,28.8671875
the,15.99359131
average,37.73280334
in,9.550811768
intelligence.,60.50175476
Unfortunately,69.74154663
for,14.21759033
"me,",18.54960632
I,4.667999268
was,17.98561096
the,15.99362183
only,20.87641907
"child,",27.42602539
which,29.53921509
perhaps,39.30479431
engendered,59.06517029
the,15.99359131
selﬁshness,51.73323059
which,29.53923035
played,32.4180603
such,22.6524353
an,11.77079773
important,49.09437561
part,19.98838806
in,9.550796509
bringing,41.52357483
on,12.44281006
my,15.10681152
alcoholism.,55.63208008
From,27.99240112
childhood,49.31036377
through,39.31677246
high,21.76441956
school,31.31407166
I,4.667999268
was,17.9855957
more,25.98843384
or,10.43878174
less,17.75639343
forced,31.75798035
to,9.778793335
go,11.77079773
to,9.778793335
"church,",37.42077637
Sunday,36.42604065
School,33.31802368
and,18.21359253
eve,16.86959839
-,3.996002197
ning,21.76441193
"service,",37.17958069
Monday,40.64997864
night,25.54318237
Christian,45.53045654
Endeavor,48.19567871
and,18.21359253
sometimes,52.9487915
to,9.789596558
Wednesday,56.71800232
evening,38.69761658
prayer,31.79998779
meeting.,43.49523926
This,21.54840088
had,18.21359253
the,15.99359131
effect,28.20597839
of,9.778793335
making,36.19798279
me,15.55081177
resolve,34.85289001
that,19.32846069
when,26.87643433
I,4.667999268
was,17.98560333
free,19.76039124
from,23.99638367
parental,40.63557434
"domination,",59.42408752
I,4.667999268
would,30.21127319
never,27.75128174
again,25.97518921
darken,34.19398499
the,15.99359131
doors,27.31918335
of,9.778793335
a,5.32800293
church.,37.42086792
This,21.54840088
resolution,49.52529907
I,4.667999268
kept,21.76439667
steadfastly,51.51596069
for,14.21759033
the,15.99359131
next,20.87638855
forty,23.32322693
"years,",28.30207825
except,31.97402954
when,26.87643433
circumstances,69.94555664
made,27.32038879
it,6.886795044
seem,25.76039124
unwise,34.42205811
to,9.778823853
absent,32.20205688
myself.,35.2008667
After,25.54319763
high,21.76438904
school,31.3139801
came,26.20439148
four,20.66038513
years,25.30325317
in,9.550827026
one,18.21359253
of,9.778839111
the,15.99362183
best,20.43240356
colleges,39.29159546
in,9.550796509
the,15.99359131
country,37.7567749
where,30.64318848
drinking,41.52366638
seemed,37.97402954
to,9.778808594
be,12.21481323
a,5.32800293
major,29.61120605
extra-curricular,80.19003296
activity.,39.1104126
Almost,36.07801819
everyone,46.52761841
seemed,37.97398376
to,9.778793335
do,12.4427948
it.,9.8855896
I,4.667999268
did,15.99359131
it,6.886795044
more,25.98838806
and,18.21362305
"more,",28.98722839
and,18.21359253
had,18.21365356
lots,17.32440186
of,9.778800964
fun,16.66559601
without,37.76876831
much,27.99238586
"grief,",25.86598206
either,29.31001282
physical,39.51966858
or,10.43884277
ﬁnancial.,44.52252197
I,4.667999268
seemed,37.97398376
to,9.778793335
be,12.21479797
able,20.64839172
to,9.778793335
snap,22.65238953
back,22.86843872
the,15.99360657
next,20.87643433
morning,41.98086548
better,29.98200989
than,21.99238586
most,23.99639893
of,9.778793335
my,15.10679626
fellow,29.98199463
"drinkers,",43.85047913
who,20.66162109
were,24.20046997
cursed,32.86199951
(or,14.43359375
perhaps,39.30477905
blessed),40.40757751
with,21.54841614
a,5.32800293
great,25.08726501
deal,20.64846802
of,9.778839111
morn-,30.65524292
ing-after,42.41038513
nausea.,36.7487793
Never,30.64318848
once,23.54039001
in,9.550811768
my,15.10679626
life,15.76443481
have,22.86843872
I,4.667999268
had,18.21365356
a,5.32800293
"headache,",49.85038757
which,29.53918457
fact,18.21238708
leads,25.08718872
me,15.55081177
to,9.778808594
believe,35.29689026
that,19.32846069
I,4.667999268
was,17.9855957
an,11.77079773
alcoholic,43.74237823
almost,32.42999268
from,23.99638367
the,15.99360657
start.,24.76203918
My,16.43878174
whole,29.53921509
life,15.76443481
seemed,37.97398376
to,9.778793335
be,12.21479797
centered,43.74357605
around,35.09399414
doing,27.76325989
what,23.7684021
I,4.667999268
wanted,35.98208618
to,9.778800964
"do,",15.44160461
without,37.76876831
regard,32.18998718
for,14.21759033
the,15.99359131
"rights,",30.97686768
"wishes,",35.41687012
or,10.43878174
privi-,26.4180603
leges,24.85919189
of,9.778793335
anyone,35.3099823
else;,22.08718872
a,5.32800293
state,23.09518433
of,9.778808594
mind,25.77244568
which,29.53927612
became,38.4180603
more,25.98840332
and,18.21359253
more,25.98840332
predominant,63.9719696
as,9.766815186
the,15.99360657
years,25.30322266
passed.,35.86083984
I,4.667999268
was,17.98560333
graduated,49.74237061
“summa,40.43400574
cum,21.54959106
laude”,31.75804138
in,9.550827026
the,15.99362183
eyes,21.30841064
of,9.778839111
the,15.99362183
drinking,41.52360535
"fraternity,",48.29995728
but,16.66558838
not,16.22158813
in,9.550796509
the,15.99362183
eyes,21.30845642
of,9.778839111
the,15.99362183
Dean.,30.31921387
The,19.65361023
next,20.69639587
three,25.9631958
years,25.0632019
I,4.667999268
spent,26.63519287
in,9.490814209
"Boston,",37.30085754
"Chicago,",42.99969482
and,18.09365845
Montreal,45.97558594
in,9.550796509
the,15.99359131
employ,36.42597961
of,9.778793335
a,5.32800293
large,24.41523743
manufacturing,72.40574646
con-,21.76443481
172,18
ALCOHOLICS,59.4908905
ANONYMOUS,58.65483093
"cern,",24.97919464
selling,31.74478912
railway,34.8527832
"supplies,",43.19036865
gas,15.53759766
engines,37.74488831
of,9.778839111
all,11.54159546
"sorts,",26.09405518
and,18.21360016
many,26.87640381
other,26.43118286
items,26.87518311
of,9.778793335
heavy,28.19520569
hardware.,49.40647888
During,35.98202515
these,26.20320129
"years,",28.30199432
I,4.667999268
drank,28.42318726
as,9.766799927
much,27.99238586
as,9.766799927
my,15.10681152
purse,27.53523254
"permitted,",52.30926514
still,17.53919983
without,37.76877594
paying,32.41798401
too,15.77758789
great,25.08718872
a,5.32800293
"penalty,",38.30769348
although,43.31167603
I,4.667999268
was,17.98560333
beginning,49.29838562
to,9.778793335
have,22.86839294
morning,41.98077393
jitters,28.42085266
at,9.106796265
times.,29.87408447
I,4.667999268
lost,17.32443237
only,20.87640381
a,5.32800293
half,18.65638733
day’s,23.09759521
work,24.4283905
during,32.64598083
these,26.20318604
three,26.20323181
years.,28.30206299
My,16.43880463
next,20.87639618
move,26.87640381
was,17.9855957
to,9.778793335
take,20.64839172
up,12.88679504
the,15.99360657
study,26.43122864
of,9.778839111
"medicine,",48.746521
entering,41.52359772
one,18.21359253
of,9.778793335
the,15.99359131
largest,32.63278198
universities,56.17085266
in,9.550796509
the,15.99362183
country.,39.86767578
There,29.98320007
I,4.667999268
took,21.54838562
up,12.88679504
the,15.99359131
business,41.52357483
of,9.778793335
drinking,41.5236969
with,21.5484314
much,27.99240112
greater,35.29679108
earnestness,57.05996704
than,21.99238586
I,4.667999268
had,18.21359253
previously,50.40132141
shown.,34.54205322
On,15.55081177
account,38.64479828
of,9.778793335
my,15.10679626
enormous,49.31158447
capacity,39.96362305
for,14.21760559
"beer,",24.53521729
I,4.667999268
was,17.9855957
elected,35.6088028
to,9.718795776
membership,61.8731842
in,9.49079895
one,18.09359741
of,9.718795776
the,15.87361145
drinking,41.10365295
"societies,",44.19732666
and,18.21360016
soon,22.88040161
became,38.41799927
one,18.21359253
of,9.778793335
the,15.99359131
leading,35.96885681
spirits.,32.75170898
Many,28.20843506
mornings,46.4196167
I,4.667999268
have,22.86839294
gone,23.98439026
to,9.778793335
"classes,",35.84757996
and,18.21362305
even,23.31242371
though,34.87808228
fully,21.76324463
"prepared,",48.0743866
would,30.21118164
turn,21.10438538
and,18.21359253
walk,22.4243927
back,22.86842346
to,9.778808594
the,15.99362183
fraternity,46.18933105
house,29.09520721
because,39.52078247
of,9.778793335
my,15.10679626
"jitters,",31.41957092
not,16.22158813
daring,31.53004456
to,9.778808594
enter,26.20324707
the,15.99362183
classroom,48.37438965
for,14.09759521
fear,19.13639832
of,9.718795776
making,35.897995
a,5.32800293
scene,27.51121521
should,32.5740509
I,4.667999268
be,12.15481567
called,28.78207397
on,12.44280243
for,14.21760559
recitation.,50.07595825
This,21.18840027
went,23.85240173
from,23.63639832
bad,17.97360229
to,9.658798218
worse,28.38720703
until,22.39920044
Sophomore,56.35444641
spring,30.04196167
"when,",29.87520599
after,23.09519196
a,5.32800293
prolonged,50.41436768
period,32.20198059
of,9.778793335
"drinking,",44.5224762
I,4.667999268
made,27.32040405
up,12.8868103
my,15.10680389
mind,25.77239227
that,19.3283844
I,4.667999268
could,27.31918335
not,16.22158813
complete,45.97564697
my,15.10679626
"course,",35.41687012
so,10.43884277
I,4.667999268
packed,34.48200989
my,14.98680878
grip,19.40040588
and,17.97360229
went,23.85240173
South,28.62719727
to,9.658798218
spend,29.05915833
a,5.32800293
month,31.96322632
on,12.32284546
a,5.32800293
large,24.41519165
farm,23.32439423
owned,32.87518311
by,11.77079773
a,5.32800293
friend,29.98197937
of,9.778793335
mine.,28.09924316
When,29.98445129
I,4.667999268
got,15.54959106
the,15.99362183
fog,15.54960632
out,16.22160339
of,9.778793335
my,15.10681152
"brain,",28.75798035
I,4.667999268
decided,39.30477905
that,19.3283844
quitting,38.87165833
school,31.3140564
was,17.98565674
very,20.86439514
foolish,32.87278748
and,18.21359253
that,19.3283844
I,4.667999268
had,18.21359253
better,29.98197937
return,31.31404114
and,18.21359253
continue,43.31167603
my,15.10680389
work.,27.42720032
When,29.98439026
I,4.667999268
reached,39.52078247
"school,",34.31280518
I,4.667999268
discovered,53.06529236
the,15.99362183
faculty,33.08879852
had,18.21359253
other,26.43118286
ideas,25.08718872
on,12.4427948
the,15.99359131
subject.,38.30769348
After,25.54327393
much,27.99246216
argument,47.75158691
they,21.32038879
allowed,37.97277832
me,15.55079651
to,9.778793335
return,31.31404114
and,18.21365356
take,20.64840698
my,15.10681152
"exams,",33.19799042
all,11.54159546
of,9.778793335
which,29.53918457
I,4.667999268
passed,32.86198425
creditably.,51.18005371
But,18.22563171
they,21.32043457
were,24.20046997
much,27.99240112
disgusted,46.63437653
and,18.21359253
told,19.3283844
me,15.55079651
they,21.32038879
would,30.21125793
attempt,38.65689087
to,9.778808594
struggle,39.51959229
along,26.64718628
without,37.76876831
my,15.10679626
presence.,47.40242004
After,25.54322815
many,26.87640381
pain,21.32040405
-,3.996002197
ful,13.3296051
"discussions,",57.62277222
they,21.32038879
ﬁnally,29.75398254
gave,22.19639587
me,15.55081177
my,15.10681152
credits,33.30487061
and,18.21359253
I,4.667999268
DOCTOR,39.16348267
BOB’S,25.66439819
NIGHTMARE,56.9987793
173,18
migrated,44.41558838
to,9.778793335
another,38.20077515
of,9.778793335
the,15.99359131
leading,35.96882629
universities,56.1709137
of,9.778778076
the,15.99362183
country,37.75679016
and,18.21359253
entered,38.41677856
as,9.766799927
a,5.32800293
Junior,30.87001038
that,19.32843018
fall.,18.31921387
There,29.98320007
my,15.10679626
drinking,41.52357483
became,38.41798401
so,10.43881226
much,27.9924469
worse,28.86721802
that,19.32846069
the,15.99362183
boys,22.20840454
in,9.550796509
the,15.99359131
fraternity,46.18916321
house,29.09518433
where,30.64324951
I,4.668014526
lived,23.75521851
felt,16.43643188
forced,31.75808716
to,9.778800964
send,23.0963974
for,14.21759033
my,15.10679626
"father,",31.64877319
who,20.66159058
made,27.32043457
a,5.327987671
long,21.32040405
journey,37.52886963
in,9.550811768
the,15.99360657
vain,20.20439148
endeavor,45.51957703
to,9.778793335
get,15.32159424
me,15.55079651
straightened,61.51092529
around.,38.09289551
This,21.54840088
had,18.21360016
little,22.64997864
effect,28.20597839
however,41.96878052
for,14.21759033
I,4.667999268
kept,21.76443481
on,12.44284058
drinking,41.52371216
and,18.21365356
used,23.0963974
a,5.32800293
great,25.08718872
deal,20.64839172
more,25.98838806
hard,22.65238953
liquor,29.53804016
than,21.99246216
in,9.550811768
former,34.20605469
years.,28.30198669
Coming,39.54598999
up,12.88679504
to,9.778793335
ﬁnal,21.32038879
exams,30.19920349
I,4.667999268
went,24.21243286
on,12.44284058
a,5.32800293
particularly,56.17095947
strenuous,48.19438171
spree.,29.86198425
When,29.98439026
I,4.667999268
went,24.21238708
in,9.550811768
to,9.778808594
write,25.31526184
the,15.99362183
examina,40.63684082
-,3.996002197
"tions,",26.76600647
my,15.10681152
hand,24.65638733
trembled,45.53158569
so,10.438797
I,4.667999268
could,27.31924438
not,16.22163391
hold,21.99246216
a,5.32800293
pencil.,33.19689941
I,4.667999268
passed,32.86199951
in,9.550796509
at,9.106796265
least,22.42318726
three,26.20318604
absolutely,49.74127197
blank,27.09127808
books.,31.65002441
I,4.667999268
"was,",20.98439789
of,9.779998779
"course,",35.41677856
soon,22.88038635
on,12.4427948
the,15.99359131
carpet,31.08604431
and,18.21363831
the,15.99362183
upshot,33.54605103
was,17.9855957
that,19.32839966
I,4.667999268
had,18.21359253
to,9.778793335
go,11.77079773
back,22.86839294
for,14.21759033
two,17.99758911
more,25.98843384
quarters,41.07965088
and,18.21365356
re-,14.20565796
main,24.65640259
absolutely,49.74116516
"dry,",18.32038879
if,6.886795044
I,4.667999268
wished,34.42201233
to,9.778808594
graduate.,46.29852295
This,21.54846191
I,4.667999268
"did,",18.99240875
and,18.21359253
proved,34.42198181
myself,32.20199585
satisfactory,55.06686401
to,9.778808594
the,15.99362183
"faculty,",35.19970703
both,22.66440582
in,9.550796509
deportment,58.64517212
and,18.21359253
scholastically.,66.27128601
I,4.667999268
conducted,51.97436523
myself,32.20198059
so,10.438797
creditably,49.06925964
that,19.32844543
I,4.667999268
was,17.9855957
able,20.64846802
to,9.778808594
secure,32.18998718
a,5.32800293
much,27.99238586
coveted,38.41677856
internship,50.41323853
in,9.550796509
a,5.32800293
western,38.86087036
"city,",19.65124512
where,30.64320374
I,4.667999268
spent,26.87518311
two,17.99758911
years.,28.30198669
During,35.98205566
these,26.20323181
two,17.99761963
years,25.30322266
I,4.667999268
was,17.98560333
kept,21.76438904
so,10.438797
busy,22.65238953
that,19.3283844
I,4.667999268
hardly,31.08598328
left,16.43643188
the,15.99360657
hospital,38.64370728
at,9.106781006
all.,14.54046631
"Consequently,",70.52157593
I,4.667999268
could,27.31918335
not,16.22158813
get,15.32159424
into,19.32843018
any,17.09761047
trouble.,38.97967529
When,29.98439026
those,26.43118286
two,17.99758911
years,25.30319214
were,24.20039368
"up,",15.88562012
I,4.667999268
opened,36.87002563
an,11.77078247
ofﬁce,27.31924438
downtown.,54.54238892
I,4.667999268
had,18.21359253
some,25.98838806
"money,",35.43000793
all,11.54162598
the,15.99362183
time,22.43643188
in,9.550811768
the,15.99362183
"world,",31.20599365
and,18.21359253
considerable,62.61476135
stomach,41.09281921
trouble.,38.97966003
I,4.667999268
soon,22.88040161
dis-,17.98440552
covered,39.07679749
that,19.3283844
a,5.32800293
couple,33.08998108
of,9.778793335
drinks,30.64202881
would,30.21125793
alleviate,40.62246704
my,15.10681152
gastric,32.188797
"distress,",39.85437012
at,9.106796265
least,22.42318726
for,14.21759033
a,5.32800293
few,17.7696228
hours,27.76325989
at,9.106842041
a,5.32800293
"time,",25.4352417
so,10.43878174
it,6.886810303
was,17.98560333
not,16.22158813
at,9.106796265
all,11.54159546
difﬁcult,38.42756653
for,14.21759033
me,15.55079651
to,9.778808594
return,31.31404114
to,9.778808594
my,15.10681152
former,34.20605469
excessive,44.8343811
indulgence.,57.6239624
By,13.33080292
this,17.76838684
time,22.43638611
I,4.667999268
was,17.9855957
beginning,49.29841614
to,9.778808594
pay,17.09759521
very,20.86444092
dearly,30.4140625
physically,47.95318604
"and,",21.21238708
in,9.550796509
hope,24.65638733
of,9.778793335
"relief,",28.97286987
voluntarily,52.40409851
incar,24.64324951
-,3.996002197
cerated,36.85678101
myself,32.20199585
at,9.106796265
least,22.42318726
a,5.32800293
dozen,29.76719666
times,26.8752594
in,9.550811768
one,18.21365356
of,9.778778076
the,15.99362183
174,18
ALCOHOLICS,59.4908905
ANONYMOUS,58.65483093
local,22.86719513
sanitariums.,59.62677765
I,4.667999268
was,17.9855957
between,42.19677734
Scylla,28.63804626
and,18.21365356
Charyb,36.42605591
-,3.996002197
dis,14.04720306
"now,",22.85881042
because,39.69363403
if,6.915603638
I,4.667999268
did,16.0512085
not,16.27920532
drink,26.31835938
my,15.13562012
stomach,41.26553345
tortured,41.09159851
"me,",18.54959106
and,18.21359253
if,6.886795044
I,4.667999268
"did,",18.99238586
my,15.10679626
nerves,32.19006348
did,15.99362183
the,15.99362183
same,25.31643677
thing.,28.54199982
After,25.54318237
three,26.20318604
years,25.30319214
of,9.778793335
"this,",20.7671814
I,4.667999268
wound,33.54725647
up,12.8868103
in,9.550811768
the,15.99362183
local,22.86719513
hospital,38.64358521
where,30.64318848
they,21.32038879
attempted,50.87042236
to,9.778808594
help,21.76443481
"me,",18.54962158
but,16.6656189
I,4.667999268
would,30.21000671
get,15.32159424
my,15.10679626
friends,34.42077637
to,9.778793335
smuggle,41.08081055
me,15.55081177
a,5.32800293
"quart,",29.43005371
or,10.43884277
I,4.667999268
would,30.21121216
steal,22.42319489
the,15.99359131
alcohol,35.30877686
about,27.99118042
the,15.99359131
"building,",43.86250305
so,10.43884277
that,19.32846069
I,4.667999268
got,15.54959869
rapidly,34.19278717
worse.,31.86598206
Finally,34.19281006
my,15.10681152
father,29.53797913
had,18.21359253
to,9.778793335
send,23.09638977
a,5.32800293
doctor,31.98603821
out,16.22164917
from,23.99642944
my,15.10681152
home,27.99240875
town,24.44039917
who,20.66159058
managed,44.86079407
to,9.778793335
get,15.32159424
me,15.55081177
back,22.86845398
there,26.20327759
in,9.550811768
some,25.98840332
"way,",20.98439026
and,18.21359253
I,4.667999268
was,17.9855957
in,9.550796509
bed,18.65759277
about,27.99118042
two,17.99761963
months,36.88206482
before,32.20205688
I,4.667999268
could,27.31919861
venture,37.97277832
out,16.22158813
of,9.778793335
the,15.99359131
house.,32.09397888
I,4.667999268
stayed,31.08604431
about,27.99124146
town,24.44046021
a,5.327999115
couple,33.09000397
of,9.778793335
months,36.88198853
more,25.98840332
and,18.21359253
then,22.43638611
returned,43.52766418
to,9.778808594
resume,36.64205933
my,15.10680389
practice.,42.51838684
I,4.667999268
think,25.54318237
I,4.667999268
must,24.44039917
have,22.86842346
been,24.42845154
thoroughly,53.74926758
scared,31.74598694
by,11.77079773
what,23.76838684
had,18.21359253
"happened,",52.08236694
or,10.43881226
by,11.77081299
the,15.99360657
"doctor,",34.09686279
or,10.43884277
probably,43.52760315
"both,",25.66317749
so,10.438797
that,19.3283844
I,4.667999268
did,15.99359131
not,16.22158813
touch,27.99124146
a,5.32800293
drink,26.20327759
again,25.97525024
until,22.87921143
the,15.99360657
country,37.7567749
went,24.21238708
dry.,18.32038879
With,24.44039917
the,15.99359131
passing,35.96878052
of,9.778793335
the,15.99359131
Eighteenth,55.7532196
Amendment,61.98249817
I,4.667999268
felt,16.43640137
quite,25.54319763
safe.,22.31518555
I,4.667999268
knew,26.20439148
everyone,44.84759521
would,30.21125793
buy,18.21362305
a,5.32800293
few,17.7696228
"bottles,",36.31559753
or,10.438797
"cases,",28.30198669
of,9.778793335
liquor,29.53797913
as,9.766799927
their,23.53923035
exchequers,55.72929382
per,16.65362549
-,3.996002197
"mitted,",35.65680695
and,18.21359253
that,19.3283844
it,6.886795044
would,30.21118164
soon,22.88038635
be,12.21481323
gone.,26.98326111
Therefore,49.9704895
it,6.886810303
would,30.21121216
make,26.64839935
no,12.4427948
great,25.08718872
"difference,",53.62796021
even,23.31243896
if,6.886795044
I,4.667999268
should,32.87405396
do,12.44281006
some,25.98840332
drinking.,44.52238464
At,11.55479431
that,19.3283844
time,22.43640137
I,4.667999268
was,17.98562622
not,16.22161865
aware,29.08322144
of,9.778778076
the,15.99362183
almost,32.42999268
unlimited,47.97837067
supply,32.20198059
the,15.99359131
government,59.52125549
made,27.32046509
it,6.886810303
pos-,20.87643433
sible,22.86720276
for,14.21760559
us,10.88279724
doctors,36.42477417
to,9.778793335
"obtain,",34.09677124
neither,35.75285339
had,18.21365356
I,4.667999268
any,17.09759521
knowledge,53.29440308
of,9.778793335
the,15.99359131
bootlegger,52.84916687
who,20.66159058
soon,22.88041687
appeared,45.96365356
on,12.44277954
the,15.99360657
horizon.,40.53958893
I,4.667999268
drank,28.42318726
with,21.54838562
moderation,57.0852356
at,9.106796265
"ﬁrst,",22.09924316
but,16.6656189
it,6.886810303
took,21.54840851
me,15.55080414
only,20.87638855
a,5.32800293
relatively,45.06117249
short,25.09918213
time,22.43638611
to,9.778808594
drift,21.54722595
back,22.86843872
into,19.32843018
the,15.99360657
old,15.54960632
habits,29.53797913
which,29.53918457
had,18.21359253
wound,33.54718018
up,12.8868103
so,10.438797
disastrously,57.28692627
before.,35.20079803
During,35.98199463
the,15.99359131
next,20.87638855
few,17.76959229
"years,",28.30198669
I,4.667999268
developed,51.07444763
two,17.99761963
distinct,36.42367554
phobias.,41.19960022
One,21.32159424
was,17.9855957
the,15.99359131
fear,19.31639099
of,9.778793335
not,16.22160339
"sleeping,",43.85050964
and,18.21365356
the,15.99362183
other,26.43120575
was,17.9855957
the,15.99359131
fear,19.31639099
of,9.778793335
running,39.08877563
out,16.22158813
of,9.778808594
liquor.,31.64888
Not,19.11361694
being,27.5352478
DOCTOR,39.16348267
BOB’S,25.66439819
NIGHTMARE,56.9987793
175,18
a,5.32800293
man,21.54959869
of,9.778793335
"means,",34.75799561
I,4.667999268
knew,26.20439148
that,19.3283844
if,6.886810303
I,4.667999268
did,15.99360657
not,16.22158813
stay,18.87243652
sober,27.09124756
enough,36.86999512
to,9.778793335
earn,21.98039246
"money,",35.42997742
I,4.667999268
would,30.21118164
run,17.32562256
out,16.22160339
of,9.778778076
liquor.,31.64886475
Most,25.32846069
of,9.778800964
the,15.99360657
"time,",25.43519592
"therefore,",49.18916321
I,4.667999268
did,15.99359131
not,16.22161865
take,20.64840698
the,15.99362183
morn,26.66043091
-,3.996002197
ing,15.32160187
drink,26.20319366
which,29.53918457
I,4.667999268
craved,32.63398743
so,10.438797
"badly,",28.75805664
but,16.66560364
instead,35.30886841
would,30.21127319
ﬁll,12.65760803
up,12.88679504
on,12.4427948
large,24.41519165
doses,27.09118652
of,9.778793335
sedatives,44.40242004
to,9.778823853
quiet,25.54324341
the,15.99362183
"jitters,",31.41967773
which,29.53919983
distressed,49.06916809
me,15.55081177
terribly.,38.52238464
"Occasionally,",64.0537262
I,4.667999268
would,30.21121216
yield,23.75518799
to,9.778793335
the,15.99359131
morning,41.98078918
"craving,",38.73957825
but,16.6656189
if,6.886810303
I,4.668014526
"did,",18.99243164
it,6.886810303
would,30.21127319
be,12.21481323
only,20.87640381
a,5.32800293
few,17.76959229
hours,27.76318359
before,32.20198059
I,4.667999268
would,30.21122742
be,12.21479797
quite,25.54324341
unﬁt,23.10842896
for,14.21765137
work.,27.42720032
This,21.54840088
would,30.21118164
lessen,29.96998596
my,15.10681152
chances,39.07685852
of,9.778839111
smuggling,50.63052368
some,25.98840332
home,27.99240112
that,19.3283844
"evening,",41.63157654
which,29.53921509
in,9.550811768
turn,21.10441589
would,30.21127319
mean,27.32040405
a,5.32800293
night,25.54319
of,9.778793335
futile,25.98597717
tossing,33.97677612
around,35.09399414
in,9.550811768
bed,18.65760803
followed,42.42367554
by,11.77081299
a,5.32800293
morning,41.98078918
of,9.778793335
unbearable,55.51316833
jitters.,31.41957092
During,35.98207092
the,15.99362183
subsequent,56.41329956
ﬁfteen,31.98600769
years,25.30319214
I,4.667999268
had,18.21359253
sense,26.8631897
enough,36.87001038
never,27.75123596
to,9.778808594
go,11.77081299
to,9.778808594
the,15.99362183
hospital,38.64358521
if,6.886795044
I,4.667999268
had,18.21359253
been,24.4283905
"drinking,",44.5223999
and,18.21362305
very,20.86444092
seldom,35.53805542
did,15.99362183
I,4.667999268
receive,35.51278687
patients.,42.08636475
I,4.667999268
would,30.21118164
sometimes,52.86242676
hide,21.76443481
out,16.22158813
in,9.550811768
one,18.21365356
of,9.778800964
the,15.99360657
clubs,25.75918579
of,9.778793335
which,29.53918457
I,4.667999268
was,17.9855957
a,5.32800293
"member,",44.09284973
and,18.21359253
had,18.21359253
the,15.99362183
habit,24.85919189
at,9.046798706
times,26.63519287
of,9.718795776
registering,52.23599243
at,9.046798706
a,5.32800293
hotel,24.85922241
under,29.29919434
a,5.32800293
ﬁctitious,41.94250488
name.,30.31919861
But,18.22558594
my,15.10679626
friends,34.42077637
usually,34.19277954
found,29.10723877
me,15.55081177
and,18.21359253
I,4.667999268
would,30.21127319
go,11.71080017
home,27.81239319
if,6.826797485
they,21.14039612
promised,45.99958801
that,19.14839172
I,4.667999268
should,32.57408142
not,16.10159302
be,12.15481567
scolded.,40.10766602
If,8.446800232
my,15.10679626
wife,20.87638855
was,17.9855957
planning,43.08357239
to,9.778793335
go,11.77081299
out,16.22161865
in,9.550811768
the,15.99362183
"afternoon,",50.97729492
I,4.667999268
would,30.21118927
get,15.32159424
a,5.32800293
large,24.41519165
supply,32.20198059
of,9.778808594
liquor,29.53804016
and,18.21365356
smuggle,41.0809021
it,6.886810303
home,27.99240112
and,18.21359253
hide,21.76438904
it,6.886795044
in,9.550796509
the,15.99359131
coal,19.76039124
"bin,",18.99243164
the,15.99363708
clothes,34.86486816
"chute,",30.76208496
over,21.17640686
door,22.520401
"jambs,",31.4940033
over,21.17640686
beams,31.27920532
in,9.430801392
the,15.75360107
cellar,26.47795105
and,17.97360229
in,9.430755615
cracks,30.02990723
in,9.550796509
the,15.99360657
cellar,27.07798767
tile.,18.76318359
I,4.667999268
also,18.87239075
made,27.32038879
use,16.65362549
of,9.778823853
old,15.5496521
trunks,31.31408691
and,18.21359253
"chests,",33.1967926
the,15.99359131
old,15.54959106
can,17.09759521
"container,",48.74516296
and,18.21362305
even,23.31245422
the,15.99362183
ash,16.20962524
con-,21.76443481
tainer.,30.97680664
The,19.77360535
water,27.53518677
tank,21.32038879
on,12.4427948
the,15.99360657
toilet,25.54203796
I,4.667999268
never,27.75128174
"used,",26.09527588
because,39.52079773
that,19.3283844
looked,33.08998108
too,15.77758789
easy.,22.97520447
I,4.667999268
found,29.10722351
out,16.22164917
later,22.42321777
that,19.32839966
my,15.10680389
wife,20.87639618
inspected,47.52236938
it,6.886795044
frequently.,53.41201782
I,4.667999268
used,23.09645081
to,9.778808594
put,16.6656189
eight,24.87124634
or,10.43880463
twelve,31.97399139
ounce,29.98318481
bottles,33.31677246
of,9.778793335
alcohol,35.30883789
in,9.550811768
a,5.32800293
fur,14.66162109
lined,24.87124634
glove,25.97525024
and,18.21360016
toss,18.65638733
it,6.886795044
onto,22.22038269
the,15.99359131
back,22.86839294
airing,28.1940155
porch,28.65126038
when,26.87643433
winter,31.75805664
days,21.53639984
got,15.54959106
dark,21.98039246
enough.,39.86877441
My,16.438797
bootlegger,52.84931946
had,18.21359253
hidden,34.65005493
alcohol,35.30879211
at,9.106796265
the,15.99359131
back,22.86839294
steps,24.8711853
where,30.64321899
I,4.667999268
could,27.31925964
get,15.32162476
it,6.886810303
at,9.106781006
my,15.10681152
convenience.,66.60119629
Sometimes,56.22962952
I,4.667999268
would,30.89276123
bring,26.88473511
it,7.057159424
in,9.721160889
my,15.27716064
176,18
ALCOHOLICS,59.4908905
ANONYMOUS,58.65483093
"pockets,",40.52759552
but,16.66558838
they,21.32038879
were,24.20039368
"inspected,",50.52119446
and,18.21362305
that,19.32846069
became,38.4180603
too,15.77760315
risky.,25.19399261
I,4.667999268
used,23.09638977
also,18.87239075
to,9.778793335
put,16.66558838
it,6.886795044
up,12.88679504
in,9.550811768
four,20.66043091
ounce,29.98324585
bottles,33.3168335
and,18.21360016
stick,22.42320251
several,34.18078613
in,9.550796509
my,15.10681152
stocking,40.63557434
tops.,23.65924072
This,21.54846191
worked,36.64205933
nicely,29.08200073
until,22.87918091
my,15.10681152
wife,20.87638855
and,18.21359253
I,4.667999268
went,24.21238708
to,9.778793335
see,15.98162842
Wallace,38.63288879
Beery,29.31121826
in,9.550796509
“Tugboat,45.09959412
"Annie,”",37.20477295
after,23.09518433
which,29.53919983
the,15.99362183
pant-leg,40.63565063
and,18.21365356
stocking,40.63559723
racket,30.41398621
were,24.20039368
out!,19.55638123
I,4.667999268
will,17.54039764
not,16.22158813
take,20.64839172
space,27.30718994
to,9.778793335
relate,28.19398499
all,11.54162598
my,15.10679626
hospital,38.64370728
or,10.43884277
sanitarium,52.18919373
experiences.,61.1627655
During,35.98199463
all,11.54159546
this,17.76838684
time,22.43638611
we,13.99079895
became,38.41798401
more,25.98841858
or,10.43878174
less,17.75640869
ostra-,27.97805786
cized,25.75919342
by,11.77080536
our,16.8815918
friends.,37.41957092
We,16.438797
could,27.31918335
not,16.22161865
be,12.21482849
invited,33.97689819
out,16.22164917
because,39.52079773
I,4.667999268
would,30.21118164
surely,29.52598572
get,15.32159424
tight,22.87918091
and,18.21362305
my,15.10682678
wife,20.87643433
dared,28.42324829
not,16.22160339
invite,27.53399658
people,33.53398132
in,9.550796509
for,14.21759033
the,15.99359131
same,25.31640625
reason.,35.41685486
My,16.43878174
phobia,33.76202393
for,14.21760559
sleeplessness,64.37756348
demanded,52.41958618
that,19.3283844
I,4.667999268
get,15.32164001
drunk,29.53921509
every,26.63525391
"night,",28.54200745
but,16.66559601
in,9.550796509
order,27.09118652
to,9.778793335
get,15.32159424
more,25.98840332
liquor,29.53804016
for,14.21765137
the,15.99362183
next,20.87643433
"night,",28.54200745
I,4.667999268
had,18.21359253
to,9.778793335
stay,18.87239075
sober,27.09118652
during,32.64598083
the,15.99362183
"day,",19.2084198
at,9.106781006
least,22.42324829
up,12.8868103
to,9.778800964
four,20.66040802
o’clock.,37.1915741
This,21.54840088
routine,35.98077393
went,24.21238708
on,12.44281006
with,21.54844666
few,17.7696228
inter-,27.5340271
ruptions,41.09161377
for,14.21759033
seventeen,49.51437378
years.,28.30198669
It,8.446792603
was,17.98562622
really,27.07807922
a,5.32800293
horrible,39.74765015
"nightmare,",53.85720825
this,17.76838684
earning,37.30078125
"money,",35.42997742
getting,34.42085266
"liquor,",31.64886475
smug-,30.42727661
gling,24.19919586
it,6.886795044
"home,",30.99118042
getting,34.42077637
"drunk,",32.53797913
morning,41.98085022
"jitters,",31.41967773
taking,30.1980896
large,24.41519165
doses,27.09119415
of,9.778793335
sedatives,44.40237427
to,9.778793335
make,26.64839172
it,6.886810303
possible,39.74769592
for,14.21759033
me,15.55081177
to,9.778808594
earn,21.98039246
more,25.98840332
"money,",35.42999268
and,18.21359253
so,10.438797
on,12.4427948
ad,11.77079773
nauseam.,46.52766418
I,4.667999268
used,23.09640503
to,9.778808594
promise,39.97680664
my,15.10679626
"wife,",23.87518311
my,15.10681152
"friends,",37.41957092
and,18.21360779
my,15.10681152
children,41.0796814
that,19.32839966
I,4.667999268
would,30.21001434
drink,26.20318604
no,12.4427948
more—promises,82.40158081
which,29.53923035
seldom,35.53805542
kept,21.76443481
me,15.55080414
sober,27.09120178
even,23.31239319
through,39.31677246
the,15.99359131
"day,",19.20840454
though,34.8780365
I,4.667999268
was,17.98565674
very,20.86444092
sincere,35.29679108
when,26.87638855
I,4.667999268
made,27.32038879
them.,28.77119446
For,18.21360779
the,15.99359894
beneﬁt,34.64997864
of,9.778793335
those,26.43118286
experimentally,73.05247498
"inclined,",42.746521
I,4.667999268
should,32.87400818
mention,41.32077789
the,15.99359131
so-called,43.51437378
beer,22.42440796
experiment.,59.18412781
When,29.98446655
beer,22.42440033
ﬁrst,19.1003952
came,26.20440674
"back,",25.8671875
I,4.667999268
thought,38.6567688
that,19.32843018
I,4.667999268
was,17.98565674
safe.,22.31524658
I,4.667999268
could,27.31919861
drink,26.20318604
all,11.54159546
I,4.667999268
wanted,35.98197937
of,9.778793335
that.,22.32719421
It,8.446807861
was,17.98564148
harmless;,46.74249268
nobody,36.65401459
ever,21.30839539
got,15.54959106
drunk,29.53918457
on,12.4427948
beer.,24.53518677
So,12.44281006
I,4.667999268
ﬁlled,24.8712616
the,15.99362183
cellar,27.07806396
"full,",19.43519592
with,21.54840088
the,15.99359131
permission,53.96517944
of,9.778793335
my,15.10681152
good,24.2124176
wife.,23.87522888
It,8.446807861
was,17.9855957
not,16.22158813
long,21.32040405
before,32.20199585
I,4.667999268
was,17.9855957
drinking,41.52357483
at,9.106796265
least,22.42320251
a,5.32800293
case,20.86442566
and,18.21359253
a,5.32800293
half,18.65640259
a,5.32800293
day.,19.20839691
I,4.667999268
put,16.66559601
on,12.4427948
thirty,26.87397766
pounds,36.2099762
of,9.778793335
weight,33.09004211
in,9.550811768
about,27.99124146
two,17.99761963
DOCTOR,39.16348267
BOB’S,25.66439819
NIGHTMARE,56.9987793
177,18
"months,",39.52079773
looked,32.78999329
like,17.57640076
a,5.32800293
"pig,",18.14039612
and,18.09359741
was,17.8656311
uncomfortable,71.91374207
from,23.81643677
shortness,46.19038391
of,9.778793335
breath.,35.20077515
It,8.446792603
then,22.43638611
occurred,44.18765259
to,9.778808594
me,15.55081177
that,19.32839966
after,23.09521484
one,18.21360779
was,17.9855957
all,11.54159546
smelled,38.41677856
up,12.88679504
with,21.54838562
beer,22.42443848
nobody,36.65406799
could,27.31924438
tell,15.76443481
what,23.7684021
had,18.21359253
been,24.4283905
"drunk,",32.53797913
so,10.438797
I,4.667999268
began,29.75524902
to,9.778823853
fortify,30.2088623
my,15.10681152
beer,22.42443848
with,21.54840851
straight,37.08357239
alcohol.,38.30757141
Of,12.88679504
"course,",35.4168396
the,15.99360657
result,27.97805786
was,17.9855957
very,20.86444092
"bad,",21.21240234
and,18.21359253
that,19.3283844
ended,30.8711853
the,15.99359131
beer,22.4243927
experiment.,59.18409729
About,30.19918823
the,15.87359619
time,22.25639343
of,9.718795776
the,15.87359619
beer,22.24440002
experiment,55.64526367
I,4.667999268
was,17.86566162
thrown,35.02206421
in,9.550796509
with,21.54838562
a,5.32800293
crowd,30.42718506
of,9.778793335
people,33.53398132
who,20.66160583
attracted,43.97050476
me,15.55081177
because,39.52084351
of,9.778800964
their,23.5391922
seeming,41.08079529
"poise,",28.75798035
"health,",33.86878967
and,18.21362305
happiness.,51.85333252
They,25.10040283
spoke,28.42320251
with,21.54838562
great,25.08718872
freedom,41.98077393
from,23.99638367
"embarrassment,",79.17253113
which,29.53927612
I,4.667999268
could,27.31919098
never,27.75119019
"do,",15.44158936
and,18.21359253
they,21.32038879
seemed,37.97402954
very,20.86442566
much,27.99246216
at,9.106842041
ease,21.30844116
on,12.44280243
all,11.54159546
occasions,46.40637207
and,18.21359253
appeared,45.96359253
very,20.86442566
healthy.,38.30767822
More,27.32046509
than,21.99240112
these,26.20318604
"attributes,",50.30395508
they,21.32038879
seemed,37.97401428
to,9.778793335
be,12.21481323
happy.,32.09405518
I,4.667999268
was,17.98565674
self,17.09638977
conscious,47.52236938
and,18.21359253
ill,9.321594238
at,9.106796265
ease,21.30839539
most,23.99642944
of,9.778839111
the,15.99362183
"time,",25.4352417
my,15.10681152
health,30.86999512
was,17.9855957
at,9.106796265
the,15.99359131
breaking,43.07157898
"point,",28.77000427
and,18.21362305
I,4.667999268
was,17.98565674
thoroughly,53.74932861
miserable.,51.18118286
I,4.667999268
sensed,33.3059845
they,21.32038879
had,18.21359253
something,51.53050232
I,4.667999268
did,15.99362183
not,16.22158813
"have,",25.86720276
from,23.99638367
which,29.53918457
I,4.667999268
might,28.87919617
readily,33.52081299
proﬁt.,30.10203552
I,4.667999268
learned,37.3008728
that,19.32839966
it,6.886795044
was,17.98561096
something,51.53036499
of,9.778793335
a,5.32800293
spiritual,40.19036865
"nature,",35.20088196
which,29.53921509
did,15.99362183
not,16.22164917
appeal,32.41799927
to,9.778793335
me,15.55079651
very,20.86439514
"much,",30.99118042
but,16.66558838
I,4.667999268
thought,38.65684509
it,6.886810303
could,27.31924438
do,12.44281006
no,12.44281006
harm.,28.98719788
I,4.667999268
gave,22.19639587
the,15.99359131
matter,32.87399292
much,27.99240112
time,22.43643188
and,18.21363831
study,26.43121338
for,14.21759033
the,15.99362183
next,20.87639618
two,17.99758911
and,18.21359253
a,5.32800293
half,18.65638733
"years,",28.30198669
but,16.66558838
I,4.667999268
still,17.53926086
got,15.54959106
tight,22.87924194
every,26.63525391
night,25.54319763
nevertheless.,64.49755859
I,4.667999268
read,21.98039246
everything,52.17726135
I,4.667999268
could,27.31924438
"ﬁnd,",22.32843018
and,18.21365356
talked,30.31199646
to,9.801605225
everyone,45.00718689
who,20.70721436
I,4.667999268
thought,38.79364014
knew,26.27285767
anything,42.79928589
about,27.99119568
it.,9.884384155
My,16.438797
wife,20.87638855
became,38.41799927
deeply,32.86198425
interested,49.74127197
and,18.21359253
it,6.886810303
was,17.98565674
her,16.65362549
interest,37.52758789
that,19.3283844
sustained,46.19036865
"mine,",28.09921265
though,34.87806702
I,4.667999268
at,9.106781006
no,12.44281006
time,22.43643188
sensed,33.30599976
that,19.3283844
it,6.886795044
might,28.87918091
be,12.21479797
an,11.77079773
answer,34.63803101
to,9.778793335
my,15.10681152
liquor,29.53808594
prob-,27.31924438
lem.,21.65639496
How,23.99758911
my,15.10681152
wife,20.87638855
kept,21.76438904
her,16.65359497
faith,22.4352417
and,18.21360779
courage,39.07687378
during,32.64602661
all,11.54159546
those,26.43119049
"years,",28.30198669
I’ll,13.54438782
never,27.75119019
"know,",28.54199219
but,16.6656189
she,16.65364075
did.,18.99243164
If,8.446807861
she,16.65359497
had,18.21359253
"not,",19.22040558
I,4.667999268
know,26.43238831
I,4.667999268
would,30.21118164
have,22.86839294
been,24.4283905
dead,23.98442078
a,5.32800293
long,21.32040405
time,22.43643188
ago.,20.09643555
For,18.21360779
some,25.98840332
"reason,",35.41677856
we,13.99079895
alcoholics,48.18118286
seem,25.76045227
to,9.778808594
have,22.86843872
the,15.99362183
gift,16.43643188
of,9.778800964
picking,35.96878815
out,16.22158813
the,15.99359131
world’s,34.20718384
ﬁnest,26.87521362
women.,39.21003723
Why,23.09765625
they,21.32043457
178,18
ALCOHOLICS,59.4908905
ANONYMOUS,58.65483093
should,32.87400818
be,12.21479797
subjected,47.52236938
to,9.778793335
the,15.99359131
tortures,39.08761597
we,13.99079895
inﬂict,28.20602417
upon,25.32839966
"them,",28.77120209
I,4.667999268
cannot,33.31797791
explain.,38.07957458
About,30.43920898
this,17.76838684
time,22.43638611
a,5.32800293
lady,20.20439148
called,29.08198547
up,12.88679504
my,15.10681152
wife,20.87641907
one,18.21359253
Satur,26.43121338
-,3.996002197
day,17.09760284
afternoon,47.9783783
saying,30.41398621
she,16.65359497
wanted,35.98197937
me,15.55081177
to,9.778808594
come,26.87644958
over,21.53643799
that,19.32846069
evening,38.63280487
to,9.778793335
meet,25.10038757
a,5.32800293
friend,29.98197937
of,9.778793335
hers,21.09239197
who,20.66162109
might,28.87922668
help,21.76443481
me.,18.54962158
It,8.446800232
was,17.98560333
the,15.99359894
day,17.09759521
before,32.20198059
Mother’s,43.54197693
Day,20.43362427
and,18.21360779
I,4.667999268
had,18.21359253
come,26.87643433
home,27.99240875
"plastered,",48.51717377
carrying,40.17958069
a,5.32800293
big,15.32159424
potted,32.21403503
plant,25.09922791
which,29.53921509
I,4.667999268
set,13.98959351
down,27.10440826
on,12.4427948
the,15.99359131
table,24.42718506
and,18.21359253
forthwith,45.98638916
went,24.21244812
upstairs,38.41571045
and,18.21359253
passed,32.86199188
out.,19.22038269
The,19.77360535
next,20.87638855
day,17.09759521
she,16.65359497
called,29.08206177
again.,28.9740448
Wishing,40.42086792
to,9.778800964
be,12.2148056
"polite,",31.20477295
though,34.87797546
I,4.667999268
felt,16.43638611
very,20.86439514
"badly,",28.75805664
I,4.667999268
"said,",22.31524658
“Let’s,27.99249268
make,26.64839935
the,15.99359894
"call,”",24.53398132
and,18.21359253
extracted,45.51837158
from,23.99638367
my,15.10681152
wife,20.87641907
a,5.32800293
promise,39.97683716
that,19.32839966
we,13.99080658
would,30.21118164
not,16.22158813
stay,18.87239075
over,21.53639221
ﬁfteen,31.98597717
minutes.,42.75965881
We,16.438797
entered,38.41677856
her,16.65359497
house,29.09518433
at,9.106796265
exactly,33.52079773
ﬁve,17.54162598
o’clock,34.19290161
and,18.21359253
it,6.886810303
was,17.98560333
eleven,32.18998718
ﬁfteen,31.98597717
when,26.87638855
we,13.99079895
left.,19.43518066
I,4.667999268
had,18.21360779
a,5.32800293
couple,33.09005737
of,9.778839111
shorter,35.30879974
talks,22.42318726
with,21.54838562
this,17.76838684
man,21.54960632
"afterward,",50.52125549
and,18.21359253
stopped,39.31686401
drinking,41.52361298
abruptly.,43.41836548
This,21.54840088
dry,16.20959473
spell,22.8671875
lasted,28.86604309
for,14.21763611
about,27.99124146
three,26.20327759
weeks;,32.96999359
then,22.43638611
I,4.667999268
went,24.21238708
to,9.778793335
Atlantic,38.64356995
City,20.66041565
to,9.778808594
attend,31.54206848
several,34.18087769
days’,24.19919586
meeting,40.420784
of,9.778793335
a,5.32800293
national,39.53157043
society,33.74879456
of,9.778808594
which,29.53926086
I,4.667999268
was,17.9855957
a,5.32800293
member.,44.09280396
I,4.667999268
drank,28.42318726
all,11.54159546
the,15.99359131
scotch,31.3139801
they,21.32043457
had,18.21360779
on,12.44277954
the,15.99362183
train,23.09524536
and,18.21360016
bought,34.87799072
several,34.18078613
quarts,30.86997986
on,12.4427948
my,15.10679626
way,18.87362671
to,9.778808594
the,15.99362183
hotel.,28.0980835
This,21.54840088
was,17.98561096
on,12.4427948
Sunday.,38.53677368
I,4.667999268
got,15.54959106
tight,22.87919617
that,19.32843018
"night,",28.54205322
stayed,31.08609009
sober,26.85119629
Monday,40.34879303
till,12.9203949
after,22.85519409
the,15.87359619
dinner,32.34599304
and,18.09362793
then,22.25639343
proceeded,51.92648315
to,9.778800964
get,15.32159424
tight,22.87918854
again.,28.97398376
I,4.667999268
drank,28.42318726
all,11.54159546
I,4.667999268
dared,28.42323303
in,9.550796509
the,15.99362183
"bar,",18.32043457
and,18.21365356
then,22.43640137
went,24.21239471
to,9.778793335
my,15.10681152
room,26.21638489
to,9.778793335
ﬁnish,26.87518311
the,15.99362183
job.,18.54844666
Tuesday,40.4208374
I,4.667999268
started,33.61680603
in,9.49079895
the,15.87359619
"morning,",44.55958557
getting,34.06079102
well,20.02442932
organized,47.93049622
by,11.71081543
noon.,27.64324951
I,4.667999268
did,15.99360657
not,16.22160339
want,23.76838684
to,9.778793335
disgrace,40.62358093
myself,32.20198059
so,10.43881226
I,4.667999268
then,22.43643188
checked,40.85287476
out.,19.22040558
I,4.667999268
bought,34.87798309
some,25.98840332
more,25.98838806
liquor,29.53797913
on,12.44281006
the,15.99363708
way,18.87365723
to,9.778808594
the,15.99362183
depot.,31.43400574
I,4.667999268
had,18.21359253
to,9.778793335
wait,20.43238831
some,25.98838806
time,22.43638611
for,14.21760559
the,15.99362183
train.,26.09403992
I,4.667999268
remem,35.53921509
-,3.996002197
ber,16.6536026
nothing,37.98479462
from,23.99638367
then,22.43638611
on,12.4427948
until,22.87918091
I,4.667999268
woke,25.76043701
up,12.88682556
at,9.106842041
a,5.32800293
friend’s,35.9821167
"house,",32.09400177
in,9.550796509
a,5.32800293
town,24.44038391
near,21.98039246
home.,30.99118042
These,29.98321533
good,24.2124176
people,33.53408813
noti-,23.32321167
ﬁed,18.6576004
my,15.10680389
"wife,",23.87518311
who,20.66159058
sent,20.43238831
my,15.10681152
newly,28.8671875
made,27.32043457
friend,29.98208618
over,21.53643799
to,9.778808594
get,15.32159424
me.,18.54959869
He,15.55081177
came,26.20439148
and,18.21359253
got,15.54959106
me,15.55079651
home,27.99241638
and,18.21360779
to,9.778808594
"bed,",21.65643311
gave,22.19644165
DOCTOR,39.16348267
BOB’S,25.66439819
NIGHTMARE,56.9987793
179,18
me,15.55080414
a,5.32800293
few,17.76959229
drinks,30.64198303
that,19.3283844
"night,",28.54197693
and,18.21360779
one,18.21362305
bottle,28.87806702
of,9.778778076
beer,22.42443848
the,15.99362183
next,20.87639618
morning.,44.97956848
That,23.10839844
was,17.9855957
June,23.09638977
"10,",15
"1935,",27
and,18.21359253
that,19.32843018
was,17.98564148
my,15.10681152
last,16.6524353
drink.,29.20202637
As,12.2148056
I,4.667999268
write,25.31518555
nearly,30.41398621
four,20.66038513
years,25.30319214
have,22.86842346
passed.,35.8608551
The,19.77360535
question,42.42356873
which,29.53918457
might,28.87919617
naturally,43.29849243
come,26.87643433
into,19.32843018
your,22.20843506
mind,25.77240753
would,30.21118164
be:,15.21359253
“What,31.54318237
did,15.99359131
the,15.99359131
man,21.54962158
do,12.44282532
or,10.43878174
say,15.09362793
that,19.32846069
was,17.98565674
different,43.31039429
from,23.99638367
what,23.76838684
others,30.86997986
had,18.21359253
done,24.65643311
or,10.43884277
said?”,29.31002808
It,8.446807861
must,24.44046021
be,12.15480042
remembered,63.8651886
that,19.14839172
I,4.667999268
had,18.09359741
read,21.80041504
a,5.32800293
great,24.84724426
deal,20.46847534
and,18.09365845
talked,29.89804077
to,9.778800964
everyone,44.84757996
who,20.66159058
"knew,",28.3139801
or,10.438797
thought,38.65679932
they,21.32044983
knew,26.20443726
anything,42.63967896
about,27.99119568
the,15.99359131
subject,35.30877686
of,9.778793335
alcoholism.,55.63198853
But,18.22563171
this,17.76843262
was,17.9855957
a,5.32800293
man,21.5496521
who,20.66160583
had,18.21359253
experienced,60.16796875
many,26.87640381
years,25.30325317
of,9.778823853
frightful,40.64651489
drink,26.20327759
-,3.996002197
"ing,",18.32039642
who,20.66159058
had,18.21359253
had,18.21359253
most,23.99639893
all,11.54159546
the,15.99359131
drunkard’s,51.74772644
experiences,58.16412354
known,32.87519836
to,9.778793335
"man,",24.54840088
but,16.66558838
who,20.66159058
had,18.21359253
been,24.42843628
cured,28.42326355
by,11.77081299
the,15.99362183
very,20.86444092
means,31.75920105
I,4.667999268
had,18.21359253
been,24.4283905
trying,28.86598206
to,9.778793335
"employ,",38.53686523
that,19.32846069
is,7.546813965
to,9.778808594
say,15.09362793
the,15.99362183
spiritual,40.19038391
approach.,48.74636841
He,15.55079651
gave,22.19639587
me,15.55081177
information,58.2000885
about,27.99124146
the,16.1184082
subject,35.68322754
of,9.841201782
alcoholism,53.19483948
which,29.78875732
was,18.11036682
undoubtedly,63.26385498
helpful.,37.67158508
Of,12.65879822
far,14.20559692
more,25.10038757
importance,55.98118591
was,18.87361145
the,15.33361816
fact,18.21243286
that,19.77243042
he,11.55480957
was,18.87360382
the,15.33358765
ﬁrst,19.54438782
living,27.76197815
human,34.43519592
with,22.22041321
whom,30.21244812
I,4.667999268
had,18.65762329
ever,20.87643433
"talked,",31.54080963
who,20.39761353
knew,25.26841736
what,23.93641663
he,11.31480408
was,18.39361572
talking,32.53675842
about,27.03117371
in,9.538787842
regard,31.66195679
to,9.310760498
alcoholism,52.1891861
from,23.54039001
actual,29.98197937
experience.,54.76803589
In,11.11080933
other,25.98727417
"words,",33.19805908
he,11.55480194
talked,29.98199463
my,15.33479309
language.,47.18637085
He,15.55081177
knew,26.204422
all,11.54162598
the,15.99362183
"answers,",42.07568359
and,18.21359253
certainly,42.62638855
not,16.22158813
because,39.52078247
he,12.21479797
had,18.21359253
picked,32.86204529
them,25.77243042
up,12.8868103
in,9.550811768
his,13.98962402
reading.,40.29957581
It,8.446800232
is,7.546798706
a,5.32800293
most,23.99638367
wonderful,50.6423645
blessing,39.5196228
to,9.778808594
be,12.21482849
relieved,39.73568726
of,9.778778076
the,15.99362183
terrible,36.85559082
curse,26.41918945
with,21.54838562
which,29.53918457
I,4.667999268
was,17.9855957
afﬂicted.,42.97450256
My,16.43884277
health,30.87008667
is,7.546813965
good,24.21240234
and,18.21359253
I,4.667999268
have,22.86839294
regained,43.07157898
my,15.10681152
self-respect,57.0589447
and,18.21365356
the,15.99362183
re-,14.20559692
spect,25.75920105
of,9.778793335
my,15.10681152
colleagues.,54.05996704
My,16.438797
home,27.99240112
life,15.76441956
is,7.546813965
ideal,23.75527954
and,18.21359253
my,15.10681152
business,41.52359009
is,7.546798706
as,9.766799927
good,24.21238708
as,9.766799927
can,17.09759521
be,12.21479797
expected,44.18769836
in,9.550811768
these,26.20321655
un,12.8868103
-,3.996002197
certain,34.1927948
times.,29.87399292
I,4.667999268
spend,29.53918457
a,5.32800293
great,25.08718872
deal,20.64839172
of,9.778793335
time,22.43641663
passing,35.96885681
on,12.44284058
what,23.7684021
I,4.667999268
learned,37.30078125
to,9.778793335
others,30.86997986
who,20.66159058
want,23.76838684
and,18.21360779
need,24.42842102
it,6.886810303
badly.,28.75805664
I,4.667999268
do,12.44281006
it,6.886810303
for,14.21760559
four,20.66039276
reasons:,39.85557556
180,18
ALCOHOLICS,59.4908905
ANONYMOUS,58.65483093